Neighbourhood,Social Assistance Recipients,Local Employment,Businesses,Debt Risk Score,Home Prices,Child Care Spaces,City Grants Funding $,Walk Score,Watermain Breaks,Salvation Army Donors,Total Area,Total Population,Pop - Males,Pop - Females,Pop 0 - 4 years,Pop 5 - 9 years,Pop 10 - 14 years,Pop 15 -19 years,Pop 20 - 24 years,Pop  25 - 29 years,Pop 30 - 34 years,Pop 65 - 69 years,Pop 35 - 39 years,Pop 40 - 44 years,Pop 45 - 49 years,Pop 50 - 54 years,Pop 55 - 59 years,Pop 60 - 64 years,Pop 70 - 74 years,Pop 75 - 79 years,Pop 80 - 84 years,Pop 85 years and over,Home Language Category,   Language - Chinese,   Language - Tamil,   Language - Spanish,   Language - Italian,   Language - Portuguese,   Language - Tagalog,   Language - Urdu,   Language - Russian,   Language - Persian (Farsi),   Language - Korean,Child 0-14,Youth 15-24,Seniors 55 and over,Seniors 65 and over,Green Rebate Programs,Tree Cover,Green Spaces,Pollutants Released to Air,Pollutant Non-Carcinogenic TEP Score,Pollutant Carcinogenic TEP Score,Female Fertility,Premature Mortality,Student Nutrition,Health Providers,Breast Cancer Screenings,Cervical Cancer Screenings,DineSafe Inspections,Rent Bank Applicants,Social Housing Units,Social Housing Turnover,Social Housing Waiting List,Home Prices,Mid-Century Highrise Population,Percent Mid-Century Highrise Population,Mid-Century Highrise Households,Percent Mid-Century Highrise Households,Linguistic Diversity Index,TCHC Facility Amenities,PFR Program Registrations,PFR Program Free Registrations,PFR Community Space Use,PFR Permits Issued,Drug Arrests,Assaults,Sexual Assaults,Break & Enters,Fire Medical Calls,Total Major Crime Incidents,Hazardous Incidents,Fire Vehicle Incidents,Fires & Fire Alarms,Arsons,Murders,Thefts,Vehicle Thefts,Robberies,Traffic Collisions,Road Kilometres,Road Volume,TTC Stops,Pedestrian/Other Collisions,Part-Time Employment,Low Income Families,Low Income Population,Low Income Children (Age 0-17),Low Income Older Adults (Age 65+),Low Income Lone Parent Families,Lone Parent Families,Low Income Lone Parent Families Pop,Lone Parent Families Population
West Humber-Clairville,2912,58271,2463,719,317508,195,123283,57,30,640,30.09,34100,17095,17000,1865,1950,2155,2550,2855,2755,2360,1345,2175,2445,2545,2360,1975,1780,1070,895,585,410,32215,475,715,1100,925,205,850,715,15,160,95,5960,5400,8095,4330,428,2895860.846,2.078835532,1585690,1.87E+07,5737.87,59.92327882,223.8,1105,101,57.02,60.52,10,38,952,0.3125,557,317508,1810,5.3,690,6.8,0.741342682,6,5512,3,673,2243,62,390,68,175,1321,1119,210,502,705,4,0,54,288,82,778,165.0073788,5956.638889,338,727,13305,3790,7590,2060,490,560,1740,1540,4660
Mount Olive-Silverstone-Jamestown,6561,3244,271,687,251119,60,238172,61,8,222,4.6,32790,16015,16765,2575,2535,2555,2620,2400,2335,2355,1055,2530,2500,2370,2050,1610,1360,775,605,340,170,31140,275,1420,820,750,115,345,1075,50,350,60,7665,5015,5935,2955,250,1303945.159,1.048870056,31,2015,29.76,64.41002104,242.6,5132,44,50.14,55.75,2,41,1146,7,1049,251119,13395,40.9,4110,42.9,0.815741029,9,5431,5370,2650,4569,90,316,75,61,1016,690,176,59,361,3,1,7,62,78,154,33.86731754,3514.166667,70,224,945,5010,11540,4130,500,1030,2150,3230,6280
Thistletown-Beaumond Heights,1276,1311,217,718,414216,25,7296,54,9,218,3.4,10140,4920,5225,575,580,670,675,675,675,600,420,640,745,780,690,565,515,370,405,290,260,9455,95,120,570,705,105,130,300,15,115,35,1815,1350,2825,1740,118,1499129.97,0.939107957,0,0,0,57.48086291,226.1,950,14,55.22,61.15,4,7,447,1.333333333,270,414216,1260,12.4,430,13.4,0.766719586,3,2347,208,1142,2092,16,85,24,36,323,192,34,48,90,0,0,2,12,17,69,27.87682004,3545,45,109,527,1080,2350,760,130,220,560,630,1520
Rexdale-Kipling,1323,1178,144,721,392271,75,35100,58,5,336,2.5,10485,5035,5455,495,520,570,665,650,645,600,455,645,745,825,865,710,630,415,385,360,300,9855,95,70,700,475,145,180,215,30,95,30,1590,1315,3245,1905,121,756382.2761,0.240663012,35920,37632,0,45.58629776,282.7,180,6,54.28,64.69,0,19,432,4.2,186,392271,1050,10,600,15.2,0.660805938,1,63,0,3,287,15,59,20,32,305,164,55,34,94,0,1,3,18,16,96,25.23712912,7621.333333,40,62,515,1110,2170,690,110,250,670,700,1700
Elms-Old Rexdale,1683,903,67,692,233832,60,0,48,10,152,2.9,9550,4615,4935,670,720,720,725,655,570,595,350,600,750,720,710,545,475,265,235,145,100,9190,90,60,670,510,80,195,140,30,285,55,2110,1380,2110,1100,73,997510.8066,0.730089694,309,309,0,61.392833,163.6,2030,1,55.15,61.54,1,14,463,1,239,233832,2305,24.1,870,27.3,0.685554389,4,5874,36,74,2674,14,77,5,25,321,185,43,71,107,1,0,19,22,23,70,17.07821088,4115.5,29,63,392,1190,2790,1090,100,350,790,1040,2230
Kingsview Village-The Westway,4348,2799,160,717,292861,129,0,56,21,681,5.1,21725,10310,11415,1515,1470,1480,1460,1435,1385,1285,845,1415,1490,1630,1430,1220,1095,780,750,605,440,20845,315,215,970,1310,305,255,1285,150,475,185,4470,2925,5725,3405,181,1642485.293,0.310186768,332,730.4,0,59.80024969,181.9,1740,24,57.08,59.07,4,55,367,9.5,663,292861,12445,57.3,4465,58.2,0.795564999,2,33,2547,0,1,47,134,22,59,680,351,117,186,244,0,1,8,48,32,74,34.67941211,3371,70,105,748,2800,6760,2650,280,710,1580,2160,4500
Willowridge-Martingrove-Richview,2032,1843,169,750,511637,165,14425,51,5,1186,5.5,21345,10190,11145,1110,1070,1195,1320,1355,1235,1105,925,1190,1460,1570,1635,1355,1220,910,1025,895,760,20655,390,145,760,1745,370,250,485,130,105,320,3415,2660,7060,4505,259,1701247.392,0.348688375,0,0,0,44.86638537,172.6,1325,31,61.92,64.86,0,24,561,2,316,511637,7090,33.2,2890,35.5,0.713079941,3,6643,59,153,2796,18,131,22,66,640,342,111,78,228,2,0,8,49,48,179,58.1905001,2446.833333,81,80,609,1610,3490,1170,190,340,1090,1040,2840
Humber Heights-Westmount,856,896,82,753,491396,140,32400,58,31,595,2.8,10580,4740,5840,495,495,485,615,530,520,560,460,585,670,800,750,655,595,505,555,570,750,9725,70,5,405,1090,315,40,55,200,45,85,1470,1145,4090,2850,114,1242746.671,0.431646057,72,1.50E+07,0,44.99252616,207.9,380,4,58.84,67.05,0,3,669,1.8125,155,491396,2860,27,1370,35,0.759220994,9,166,0,502,796,12,41,1,28,512,106,64,37,165,1,0,1,8,15,54,25.33142639,7039,58,27,315,820,1780,630,80,230,630,670,1640
Edenbridge-Humber Valley,751,1334,153,761,873268,30,0,49,22,1192,5.5,14945,7075,7865,570,755,855,900,960,915,745,720,825,1045,1225,1250,1140,955,590,565,485,450,14620,225,5,745,900,310,105,15,355,40,190,2180,1860,4870,2770,129,2788998.758,0.544804291,0,0,0,30.9623431,193,0,10,64.79,69.06,2,10,0,0,139,873268,3630,24.3,1550,25.7,0.676580533,0,1809,0,1,1581,4,57,5,75,317,185,73,25,113,1,0,5,21,18,150,44.71755334,4880.25,63,39,541,900,1660,410,90,160,630,370,1510
Princess-Rosethorn,299,1226,74,791,971668,367,0,48,19,1139,5.2,11200,5470,5730,405,610,735,950,800,430,370,505,460,770,1045,1070,925,710,395,370,335,320,10965,325,20,110,465,145,65,35,110,70,245,1745,1750,3560,1930,169,2013219.194,0.220794818,0,0,0,24.34077079,189.8,0,6,66.97,72.66,0,4,0,0,41,971668,1180,10.5,410,11,0.570456219,0,2465,0,0,540,16,48,1,50,214,157,54,22,76,0,0,9,16,17,78,55.51501804,4781,61,49,425,460,950,250,50,50,320,170,810
Eringate-Centennial-West Deane,775,3472,229,775,423034,172,0,57,12,950,8.6,18805,8985,9835,830,845,1085,1370,1180,940,855,885,920,1355,1635,1660,1360,1155,840,840,615,465,18310,575,65,470,640,480,220,155,325,60,395,2755,2545,6165,3650,313,2351731.69,2.891261519,48397,151423.4,0,36.25192012,173.9,100,10,64.08,67.08,3,3,104,0,101,423034,3775,20.1,1540,22.3,0.690045759,3,14062,103,1497,17324,9,58,9,63,522,204,81,141,142,0,0,5,25,35,166,63.07531488,6543.222222,85,74,713,1060,2130,590,210,200,890,560,2260
Markland Wood,239,1494,106,783,505350,105,1200,69,11,953,2.9,10435,4860,5585,335,475,545,590,575,490,385,590,455,700,860,910,830,700,510,555,495,420,10145,225,15,130,210,145,80,15,180,25,180,1355,1170,4110,2575,182,1046837.578,0.224255343,441,28665,423.36,30.31709203,199.1,0,14,66.49,69.87,0,4,0,0,70,505350,3935,37.7,2050,47.5,0.630600016,0,3117,0,0,430,10,42,3,24,251,113,26,50,71,0,0,0,14,20,76,27.72983914,4689.333333,29,53,594,510,990,260,80,90,400,250,960
Etobicoke West Mall,1091,4340,146,738,298426,60,64200,74,3,424,1.7,10925,5100,5830,585,565,630,720,705,650,625,370,700,795,920,870,700,570,370,380,365,435,10170,275,150,415,140,180,315,195,200,135,205,1775,1415,3170,1900,93,444920.612,0.147624711,0,0,0,42.27642276,196.3,320,10,58.38,64.42,0,12,99,0,149,298426,5560,50.9,2160,52.7,0.757834126,1,302,174,0,2456,11,73,6,26,290,151,46,60,72,0,1,4,15,15,31,15.67267236,3598,27,33,661,980,2020,570,100,190,600,510,1540
Islington-City Centre West,2534,45794,2263,755,491678,204,12500,72,32,2012,16.4,38070,18035,20055,1935,1590,1640,2015,2315,2935,3085,1525,2835,2745,3020,2815,2535,2055,1310,1235,1200,1260,36420,1060,205,970,1125,820,705,355,790,250,1315,5165,4315,11135,6555,391,2980850.369,0.51025012,895785,1163882.03,1822.49,46.91358025,222.4,744,128,61.02,66.48,12,16,1245,5.181818182,489,491678,8890,23.4,4085,25.1,0.728864028,17,3562,100,0,42,71,268,37,207,1616,853,249,374,625,3,1,23,188,58,366,120.1567608,5704.939394,245,689,13461,6140,11590,1670,3290,570,1840,1500,4580
Kingsway South,74,2335,195,793,941223,115,0,68,4,1047,2.6,9175,4330,4845,465,630,635,530,485,305,340,450,505,745,795,725,695,615,355,345,265,305,9065,100,5,100,220,95,55,5,60,40,65,1720,1015,3010,1695,108,1384810.86,0.295550892,470,1004,0,41.16094987,130.1,75,9,71.8,74.95,0,0,0,0,16,941223,295,3.2,160,4.5,0.381137151,0,9891,311,199,2984,6,37,1,29,251,120,54,18,112,0,0,2,15,30,99,30.48819635,5078.333333,33,56,1008,260,470,90,20,0,230,80,540
Stonegate-Queensway,1593,5932,595,760,690949,283,0,67,24,1440,7.9,24690,11935,12745,1395,1235,1265,1295,1190,1270,1575,940,1865,1990,2190,2120,1790,1515,830,755,635,825,23980,330,25,455,755,555,260,35,635,65,135,3895,2465,7295,3985,306,2514072.745,0.755267148,17931,41707,103.68,43.48823867,178.1,200,66,62.59,70.24,4,12,129,0,280,690949,640,2.6,320,3.1,0.641219817,0,10222,126,416,3008,19,131,10,86,729,326,135,81,167,1,0,9,50,21,265,84.63624626,7115.142857,106,155,1908,1740,3080,730,140,280,1010,700,2350
Mimico,2634,11549,619,741,429941,195,3000,71,6,873,6.9,26550,12925,13625,1275,875,820,975,1360,2095,2565,1290,2355,2065,2345,2240,1965,1700,970,690,550,415,25665,755,45,775,675,590,475,40,735,155,235,2970,2345,7590,3935,241,1058931.427,0.716898274,96927,266439.9,114.85,44.52626411,250.7,525,22,56.12,65.23,8,36,947,8.111111111,547,429941,3880,14.6,2430,17.8,0.63893581,11,3873,23,199,4712,52,201,14,139,914,466,172,156,378,0,0,9,35,16,171,52.8735019,4599.75,126,134,1786,2720,4390,880,310,410,1300,990,3030
New Toronto,1600,5289,368,719,460811,90,0,79,6,279,3.5,10905,5300,5600,565,460,455,615,775,755,810,420,860,855,965,895,780,625,360,300,170,235,10455,155,30,240,75,145,295,35,160,20,115,1495,1385,2910,1485,109,522508.4252,0.593630152,34919,98637,0,46.07329843,333.6,1005,14,52.45,64.08,10,18,1189,0.96,389,460811,490,4.5,385,7.4,0.558908268,7,4640,71,120,2378,42,137,8,69,543,321,83,45,223,0,0,0,28,37,109,27.90971541,4541.75,41,71,1836,1430,2410,580,90,250,620,650,1530
Long Branch,1024,1143,170,724,459088,54,0,72,11,308,2.3,9630,4745,4890,480,420,425,480,650,630,660,390,725,760,940,875,730,630,285,195,190,155,9330,110,15,270,105,160,225,30,175,30,25,1315,1145,2565,1205,92,750363.4083,0.323676887,2405,3475.8,0,43.03147078,300.8,170,4,49.9,62.88,2,20,106,0,177,459088,1220,12.7,690,15.3,0.54824702,0,2159,3,14,854,13,78,21,41,327,184,56,22,103,0,0,2,17,12,88,26.22108051,2514.5,21,43,357,940,1520,350,70,170,510,420,1200
Alderwood,516,4839,309,764,504233,120,0,70,20,599,5,11900,5765,6130,610,495,555,650,685,680,835,500,780,890,1055,1070,885,715,395,405,355,325,11565,180,15,160,590,425,260,10,190,20,40,1660,1325,3600,1990,192,1086909.783,0.292452196,64042,3099019,107370,40.2359882,271,75,13,57.97,66.16,1,2,84,2.5,69,504233,630,5.3,350,7.5,0.606808002,0,3994,47,145,1221,13,49,15,77,331,189,54,66,110,0,0,4,19,12,125,43.87582539,4381,60,56,951,640,1090,240,90,100,570,250,1360
Humber Summit,1659,17950,1373,715,354381,53,0,61,7,179,7.9,12530,6180,6340,720,730,855,880,860,775,780,580,830,865,970,715,630,620,635,575,330,145,12045,125,130,650,2220,130,85,1160,15,105,15,2315,1745,3545,2270,84,1017894.543,0.686271868,521916,2.46E+07,7785.9,56.83060109,234.1,1770,14,62.53,60.81,2,7,124,0.444444444,204,354381,1935,15.4,525,13.8,0.815468009,3,1884,0,964,1687,11,98,8,76,566,289,73,117,208,0,1,6,59,30,286,48.83422843,4400.090909,103,205,2141,1570,3330,1030,210,240,700,690,1900
Humbermede,2590,5799,374,695,314721,55,0,58,4,200,4.4,15850,7700,8150,1125,1030,1005,1100,1160,1120,1145,520,1100,1190,1205,1080,825,760,525,440,305,215,15040,275,225,1585,1270,115,330,1045,25,40,115,3175,2265,3590,2000,80,1018657.518,0.918793036,699603,2206558.6,13030.8,62.16450216,180.3,2715,16,59.85,61.43,0,16,218,0.166666667,424,314721,3305,20.9,1130,22.1,0.79021258,0,3022,21,2597,3901,35,131,34,58,329,345,49,98,74,2,0,2,45,40,103,28.13528583,4377.333333,46,158,624,1860,4030,1330,210,420,1060,1150,2810
Pelmo Park-Humberlea,798,2855,152,735,412618,0,0,57,2,258,4.2,8705,4200,4505,475,470,530,620,515,480,495,345,570,665,750,700,540,420,435,325,220,160,8380,170,115,605,1505,410,120,25,5,30,25,1475,1145,2465,1505,89,1068349.305,0.636607684,2735,6928.37,21.35,49.46727549,210.9,0,4,61.2,62.94,1,4,176,0.333333333,149,412618,520,6,195,6.5,0.701375163,2,239,0,685,1038,43,63,5,37,347,222,42,186,115,1,0,6,29,39,110,32.44376816,5889.857143,47,173,833,710,1430,450,90,170,530,450,1350
Black Creek,6408,3856,306,661,235143,175,45890,62,3,126,3.4,22060,10260,11795,1805,1720,1585,1675,1705,1630,1405,760,1395,1570,1540,1430,1095,920,665,515,340,280,20975,745,725,1310,1050,120,310,185,105,95,25,5100,3390,4580,2570,82,742477.3148,0.410027147,6055,14395.8,0,63.50817823,214.8,3610,36,54.35,59.38,8,27,1432,5.818181818,829,235143,10490,47.6,3960,54.7,0.747526043,18,172,3101,3631,6093,90,242,36,75,786,572,169,99,263,2,1,4,59,65,135,23.51819455,7326.3,94,182,759,3680,7940,2950,300,1120,2190,3260,6200
Glenfield-Jane Heights,7263,8323,587,678,304262,173,196977,61,20,247,5.2,31395,14755,16635,2110,2135,2290,2445,2105,2050,1865,1220,1905,2185,2285,2175,1640,1490,1190,1110,765,435,30080,1445,485,3695,3475,355,485,125,90,215,40,6565,4545,7840,4735,177,1209851.201,0.808033611,860,8434,260,55.82177385,225.9,5855,93,60.44,61.63,10,30,1587,4.269230769,949,304262,8745,27.9,2985,29.8,0.77360505,16,2333,3956,4928,6448,117,299,72,84,911,734,197,98,362,3,1,4,37,120,222,41.62227043,3632.714286,88,340,1714,4420,9610,3560,380,1380,2920,4040,8210
Downsview-Roding-CFB,5618,20150,985,692,400486,238,399478,59,26,538,14.9,34650,16700,17965,2220,1905,1915,2050,2185,2490,2655,1285,2380,2585,2795,2560,2020,1630,1255,1195,890,615,33265,730,200,3470,5040,835,1565,130,180,205,80,6040,4250,8910,5240,235,2455776.666,0.852075706,256337,427209.6,2169.2,58.01649567,227.1,4377,88,60.39,63.3,58,36,527,2.777777778,1060,400486,6095,17.6,2685,20.3,0.752538706,3,4603,1899,2286,4136,126,402,50,187,1262,981,233,365,441,5,3,8,128,77,300,87.98992412,2825.888889,166,604,4334,4060,7750,2300,300,910,2390,2430,6110
York University Heights,4720,42885,2643,698,359372,156,23870,60,13,408,13.2,27715,13580,14125,1645,1385,1380,1750,3280,2815,2120,870,1800,1820,1940,1750,1335,1150,890,825,545,395,26340,1750,1175,1475,2280,285,930,580,430,370,265,4405,5040,6010,3545,167,2067412.314,0.887333748,203624,962405.5,205788.1,52.58659469,186.5,4065,67,59.93,58.9,46,43,511,2,727,359372,9845,35.5,4065,39.4,0.801404621,1,3231,601,1853,4529,56,282,49,150,1007,776,186,143,798,2,2,16,122,99,548,67.60074578,5546.25,235,598,11541,4490,7950,1870,280,690,1780,1810,4610
Rustic,1924,550,48,692,493442,26,0,60,4,156,2.1,9950,4475,5480,765,730,750,670,635,630,575,395,600,670,695,605,470,410,395,445,300,220,9625,140,190,680,1510,440,110,65,20,30,10,2235,1300,2630,1760,56,550083.8931,0.19744749,0,0,0,64.03162055,210.3,1182,2,62.86,62.96,0,9,1435,3.117647059,349,493442,3355,33.7,1225,33.7,0.712584247,3,2532,2876,303,528,25,86,14,43,380,233,92,83,181,0,1,5,18,41,99,20.02981099,7692,30,36,163,1340,2980,1240,90,540,1050,1560,2900
Maple Leaf,919,737,47,721,540741,90,0,66,8,163,2.5,10195,4935,5260,555,495,565,560,580,640,665,445,670,800,805,725,550,500,490,505,370,265,9605,100,105,680,2295,480,400,70,40,20,15,1640,1140,3100,2055,82,803509.8331,0.167833165,1011,65715,970.56,50.20576132,192.9,700,4,57.9,62.01,0,5,175,0,160,540741,2150,21.1,725,20.4,0.776084272,0,0,0,0,2,9,37,10,29,303,117,29,72,85,0,0,0,13,19,76,23.05914766,3384.666667,26,41,142,880,1770,500,100,170,500,440,1220
Brookhaven-Amesbury,3420,4825,466,687,352428,54,16300,62,4,201,3.5,17785,8315,9470,1315,1110,1130,1230,1215,1360,1255,545,1140,1300,1420,1350,1000,770,515,450,370,305,16950,465,250,1580,1210,985,480,115,45,55,30,3540,2460,3950,2195,113,834834.6989,0.405956959,4409,3.43E+07,1695.2,56.4206269,218.3,1030,45,55.65,62.39,1,36,589,2.777777778,603,352428,7620,42.8,2935,45.7,0.732061329,3,2655,40,950,2822,33,143,52,58,457,371,86,31,178,3,0,6,47,32,108,29.67583066,4326.375,57,188,1177,2320,4780,1630,170,690,1500,1880,4020
Yorkdale-Glen Park,1502,24685,1468,729,421045,82,59894,72,13,335,5.9,14685,6750,7940,640,690,815,835,845,890,895,610,860,1050,1085,1030,850,765,690,755,690,700,13685,640,120,625,2950,810,605,60,85,70,50,2140,1690,5070,3450,246,692811.6556,0.236609421,82979,150769,747.84,44.03409091,212.3,1385,46,60.88,63.93,9,6,798,7.7,292,421045,2730,18.6,1130,21.6,0.772607586,0,1399,15,58,1299,60,181,11,67,812,551,128,174,286,1,0,14,137,81,246,49.71453259,4193.75,155,1007,7556,1470,2850,850,190,320,930,940,2430
Englemount-Lawrence,2733,3495,175,730,577889,105,18000,70,13,482,3.6,22080,9675,12415,1675,1530,1550,1500,1320,1315,1470,715,1450,1380,1370,1365,1160,955,655,665,715,1305,20580,285,45,630,545,335,1900,45,600,155,65,4765,2820,6170,4050,379,924958.528,0.20662549,0,0,0,62.99516908,230.5,2895,8,60.03,63.4,2,9,1688,2.210526316,379,577889,2785,12.6,1465,18,0.647173537,6,3829,2470,787,3368,17,147,19,82,669,376,140,69,246,2,0,5,27,79,198,39.79200011,3056.1,90,185,1331,2470,5360,1870,230,530,1270,1580,3510
Clanton Park,734,5011,357,740,605585,130,0,63,11,268,4.2,14610,6750,7865,950,760,870,880,835,890,1115,480,1150,1155,1220,1055,860,770,450,400,390,400,13985,250,25,365,775,120,1705,15,585,60,115,2575,1725,3730,2100,126,1017592.787,0.097684055,332,21580,318.72,49.40312213,183.6,0,48,60.71,65.88,23,6,549,1.363636364,256,605585,755,5.2,390,7,0.680043956,1,338,0,0,85,15,121,12,60,353,291,97,95,148,1,1,10,42,30,148,42.6697449,3513.25,57,234,1155,1410,2560,560,180,190,650,470,1530
Bathurst Manor,1018,3370,244,745,568877,105,2800,61,20,300,4.8,15435,7380,8050,850,710,750,885,925,1000,1120,565,1030,1170,1220,1190,925,840,505,540,560,655,14755,340,30,475,870,210,840,15,1695,200,240,2315,1805,4570,2805,165,1807970.566,1.311810051,54508,116138,0.72,42.58484426,161.7,0,41,61.46,64.64,9,6,385,0.5,232,568877,2625,17,1230,20.3,0.768958389,2,1169,0,271,1274,9,56,8,58,675,170,108,89,167,2,0,5,25,9,177,41.4372944,5594.4,69,146,881,1440,2620,560,200,180,650,460,1560
Westminster-Branson,2906,3027,83,730,372380,45,4000,61,2,381,3.7,25445,11700,13755,1245,1080,1210,1500,1685,1765,1715,950,1720,1800,1855,1970,1625,1580,1075,895,865,925,24250,480,70,630,110,55,2165,75,7435,555,680,3525,3165,7905,4710,159,1381709.352,0.958620906,168,10920,161.28,38.19444444,187.5,0,5,59.75,62.28,1,15,530,4.2,1077,372380,15251,59.9,6355,63.2,0.815904177,1,7368,273,2542,6575,23,128,14,98,659,323,71,18,169,0,0,7,26,27,150,23.39752438,4357.75,36,221,652,3500,6540,1350,580,470,1330,1140,3180
Newtonbrook West,2124,9091,483,737,557468,98,22705,69,22,544,4.7,23050,10890,12165,1045,820,990,1255,1775,1890,1660,910,1630,1665,1965,1910,1450,1320,840,765,595,595,21890,1660,45,385,645,95,1815,125,3260,1820,2015,2850,3045,6455,3700,210,1473787.509,0.16749045,20,1300,19.2,37.66478343,154.1,650,55,60.78,61.49,10,1,261,2,670,557468,6375,27.7,2610,30.3,0.863726623,0,2991,13,1036,3185,19,140,17,127,631,392,108,48,147,0,0,8,36,45,260,46.89685527,5774.6,95,351,2038,3480,6690,1150,470,340,1000,790,2360
Willowdale West,515,7110,363,766,541247,248,0,78,12,633,2.9,15005,7085,7920,670,505,495,565,1140,1345,1310,675,1080,1010,980,1045,1030,860,640,600,545,505,14535,2020,40,235,365,75,235,50,975,1280,1175,1665,1700,4860,2970,179,1169622.482,0.145828928,0,0,0,42.27093873,180.2,0,31,65.83,65.32,17,1,527,9.25,176,541247,1630,10.9,1070,16,0.802465231,0,3078,243,3145,3522,18,85,9,23,345,168,73,13,87,2,0,4,10,19,167,32.29755967,4808.285714,25,111,687,1670,3050,390,310,120,450,270,1030
Lansing-Westgate,468,12254,488,758,646460,75,12000,77,10,695,5.4,14640,6950,7695,845,725,745,795,965,1185,1290,515,1170,1175,1150,1035,855,750,405,360,330,360,14285,995,15,320,165,90,460,45,770,630,580,2300,1755,3565,1960,156,2818530.253,0.983552249,86,1.50E+07,0,49.19653894,147.4,276,37,65.57,69.03,5,3,0,0,169,646460,1765,12.1,880,14.7,0.673235447,0,14606,175,2306,4818,13,70,19,46,432,186,97,114,159,0,0,4,24,10,173,39.31779631,6920.090909,44,142,1410,7560,12430,480,190,140,520,300,1200
Bedford Park-Nortown,484,8187,676,776,1191040,60,28000,73,29,1157,5.5,23185,10720,12470,1465,1620,1630,1695,1240,965,1180,930,1485,1730,1890,1805,1570,1310,750,685,625,625,22655,430,5,335,410,90,1010,15,300,245,110,4705,2930,6535,3650,211,2323264.953,0.091683395,314,18009.2,264.96,47.47663551,114.9,150,50,70.12,71.82,13,5,236,2,141,1191040,1795,7.7,1120,12.9,0.438565178,1,371,17,1772,2618,4,71,4,219,895,375,192,162,323,2,1,18,42,16,258,62.50510549,3124.076923,75,167,1809,1340,2440,500,140,140,630,340,1540
St.Andrew-Windfields,606,13023,591,774,1363202,124,0,60,18,1066,7.3,17955,8610,9345,690,880,1155,1480,1290,965,775,885,940,1425,1650,1475,1335,1180,660,450,415,270,17485,2605,75,330,170,70,265,85,290,865,805,2745,2780,5200,2690,206,3122841.342,0.541326375,1599,1599,0,26.54867257,147.1,60,34,71.59,68.61,0,3,0,0,133,1363202,2195,12.2,955,14.8,0.692811985,0,1866,0,0,2533,5,63,10,112,502,235,108,200,249,0,0,7,26,12,302,59.74934713,3595.5,151,123,1694,1590,3350,730,230,140,600,390,1470
Bridle Path-Sunnybrook-York Mills,37,11756,58,788,1849084,0,6500,58,10,749,8.8,8715,4180,4530,285,480,645,765,595,315,270,470,335,565,810,765,715,645,340,265,235,200,8505,615,5,65,110,30,110,0,130,260,50,1425,1360,2870,1515,85,5509235.049,1.732820954,7653,16709.4,0,25.87346553,108,50,8,70.44,71.44,2,0,0,0,24,1849084,0,0,0,0,0.454934522,0,963,0,0,2109,2,16,10,50,305,104,92,32,290,0,0,4,11,11,128,48.36508558,7224.5,66,205,4065,460,810,150,60,40,210,100,500
Banbury-Don Mills,1030,25614,834,776,613647,255,0,67,12,2145,10,26910,12485,14430,1180,1205,1325,1440,1280,1420,1500,1280,1705,2275,2305,1970,1635,1610,1225,1140,1215,1235,25780,3355,145,360,140,110,515,220,305,875,510,3685,2705,9340,6095,305,4258009.808,1.279334149,36229,4797521,254,39.10582909,156.1,300,65,67.07,67.37,10,13,304,1.142857143,279,613647,4755,17.7,2570,21.8,0.701282364,0,3318,0,2150,9186,21,97,17,88,908,279,131,149,299,1,0,23,23,10,166,75.0681627,4750.642857,128,319,4996,2000,3790,790,360,240,1020,600,2350
Victoria Village,2593,7035,431,730,365107,134,9000,71,13,586,4.7,17180,7960,9230,1030,835,870,920,980,1170,1210,720,1175,1310,1360,1220,1030,915,720,655,535,530,16140,605,465,350,200,85,540,385,90,510,100,2735,1910,5135,3195,156,1541958.559,0.682855326,38841,51070.2,10.56,53.1655225,240.2,725,9,60.88,62.32,2,15,891,7.083333333,459,365107,5410,31.5,2345,32.2,0.751125721,2,1546,2483,26,2836,14,107,6,48,392,221,62,59,154,0,2,9,18,17,122,34.27607748,5074.666667,73,113,1337,2040,4320,1340,230,370,1040,1030,2590
Flemingdon Park,4348,5088,185,721,204104,203,235152,63,2,266,2.5,22165,10615,11555,1555,1420,1480,1465,1620,1675,1615,820,1595,1630,1705,1500,1160,1055,695,555,370,245,20915,1235,1030,550,30,60,1100,1635,325,1360,235,4455,3085,4945,2710,89,1007142.635,0.763803897,0,0,0,55.54624197,199.4,5660,8,54.31,56.89,4,16,717,13.6,1141,204104,13890,62.7,5120,63.7,0.877982435,5,492,6804,3209,5621,35,159,23,54,640,354,90,113,225,3,0,30,13,40,120,11.77007859,5799.375,48,95,629,3290,7800,2620,360,510,1160,1400,3030
Parkwoods-Donalda,3664,2802,209,731,553698,441,0,63,10,1211,7.5,34620,16380,18230,2040,1920,2140,2350,2360,2255,2325,1320,2440,2650,2935,2615,2040,1680,1125,1015,845,580,33350,2255,475,1095,290,140,965,610,490,1150,535,6110,4720,8605,4880,331,3066863.368,0.852834331,1964,9486,0,42.63013699,196.8,2320,32,61.64,65.5,1,63,786,0.875,712,553698,12920,37.3,5355,40.7,0.720621189,4,2201,4,583,5332,34,177,10,106,895,423,151,233,254,1,0,4,41,51,312,58.27994577,4192.777778,109,173,859,3370,7200,2200,390,630,2050,1700,5140
Pleasant View,791,1162,124,767,463859,90,0,66,15,423,3,16145,7775,8360,740,705,825,950,1060,1090,855,825,1080,1385,1365,1200,1030,985,785,610,400,235,15555,5040,190,190,675,115,250,170,125,505,165,2275,2010,4875,2875,301,840921.3955,0.155828919,0,0,0,37.01996928,132,0,11,68.93,64.32,0,9,0,0,205,463859,3095,19.2,1250,22.6,0.852900002,0,2928,0,1659,4405,13,44,9,23,296,127,39,68,86,0,0,3,10,25,152,32.86586301,4517,43,77,547,1730,3540,760,310,180,690,470,1650
Don Valley Village,2137,5640,373,756,478489,229,15200,79,8,702,4.1,26735,12670,14060,1505,1365,1290,1580,1795,1805,1935,1130,2200,2295,2155,1790,1500,1410,1020,850,610,530,25480,6655,345,620,95,65,905,320,585,1885,615,4165,3370,7025,4125,307,1379175.085,0.2393423,0,0,0,44.13729555,146.1,1385,58,64.43,64.27,0,16,156,0.25,572,478489,10870,40.7,4345,44.6,0.86426814,4,5761,0,2625,6984,34,174,18,123,636,449,102,96,177,1,0,10,50,40,185,39.98616921,6050.3,57,251,3208,3430,7040,1590,490,360,1080,920,2630
Hillcrest Village,694,11806,424,775,484743,180,25000,68,24,587,5.3,17650,8240,9430,555,690,855,1175,1305,955,745,975,950,1385,1475,1260,1250,1235,920,825,615,495,17195,7580,130,210,50,35,125,135,200,670,440,2090,2475,6310,3830,356,1554513.434,0.386535486,246384,251002,35.52,25.68008705,126.9,0,19,69.6,61.75,15,0,1028,6.875,252,484743,2690,15.2,1500,22.9,0.844524361,9,1007,88,409,2319,9,50,13,63,395,184,52,108,139,0,0,6,27,16,174,41.08455447,3566.222222,80,170,2793,2180,4350,920,530,270,660,670,1670
Bayview Woods-Steeles,666,2207,93,777,784397,180,0,57,13,541,4.1,13535,6260,7275,420,545,675,945,945,760,490,745,625,910,1075,1015,920,1000,745,605,490,615,12870,3695,75,155,175,55,80,60,255,795,745,1650,1880,5135,3230,237,1873417.781,0.910849666,0,0,0,21.72284644,171.5,380,10,70.49,64.21,1,2,170,6.333333333,181,784397,2775,20.5,1350,28.6,0.816541785,4,9697,36,721,1818,4,25,10,36,388,96,52,29,128,0,0,1,15,5,107,29.92753678,10812,37,79,1068,1420,3080,710,320,170,480,480,1240
Newtonbrook East,685,4357,400,757,626626,30,30649,64,17,591,4.1,16425,7805,8620,585,525,635,830,1360,1525,1250,725,1040,1085,1195,1240,1105,1060,650,555,530,565,15545,3950,40,150,405,70,230,50,335,2045,1770,1730,2195,5160,3015,181,1563158.503,0.180901122,6461,28254.8,130.56,30.12820513,173.1,28,50,63.89,61.09,14,1,300,2.6,256,626626,1015,6.2,485,7.8,0.855223854,0,1064,19,243,1627,5,114,10,116,822,275,79,122,190,0,1,3,15,11,151,39.49436862,4012.333333,96,145,1644,2380,4600,690,340,160,480,380,1120
Willowdale East,1189,16026,849,759,540911,209,20000,84,20,1266,5,45025,21365,23690,2010,1475,1520,2375,4095,5120,4715,1490,3705,3410,3400,3190,2745,2210,1195,890,740,715,43655,12225,140,755,360,220,380,260,1290,4940,4480,4995,6495,9995,5030,344,1884788.953,0.158443044,542,542,0,36.19265472,147.4,0,64,63.79,60.85,23,3,208,2,424,540911,3695,8.2,1745,8.9,0.856126209,5,4706,39,985,3409,18,201,23,160,990,485,191,145,504,0,0,10,37,36,524,62.46088057,5919.692308,61,296,2784,6260,13330,2250,790,490,1430,1170,3370
Bayview Village,626,9377,460,768,533089,60,0,71,15,742,5.2,17675,8245,9420,665,620,765,955,1190,1675,1415,765,1345,1335,1310,1240,1135,1050,680,530,490,525,17075,3800,75,295,110,105,290,85,265,1525,1000,2040,2130,5170,2995,183,2397850.774,1.121266472,0,0,0,31.40877598,117.1,0,128,68.01,65.4,2,4,122,3,178,533089,2120,12,885,11.9,0.80702336,2,0,0,0,2384,10,42,3,37,481,132,96,81,147,1,0,6,18,16,99,37.07799855,3854.625,43,302,4173,2090,4250,860,330,210,670,570,1650
Henry Farm,1502,18728,717,736,372110,105,12468,76,4,338,2.6,11340,5405,5935,780,745,660,660,835,995,1010,330,1025,920,865,710,580,465,275,230,150,110,10705,1655,195,220,35,35,520,380,210,805,200,2180,1485,2155,1105,80,685339.2263,0.212016651,931,931,0,47.87339268,150.1,0,77,61.6,63.13,2,8,0,0,359,372110,6215,54.8,2200,53.5,0.857459432,0,379,0,0,1566,14,39,5,54,237,134,49,136,97,0,0,2,10,10,108,16.06263543,5659,27,112,3148,2060,4220,870,190,170,460,450,1140
O'Connor-Parkview,2984,4677,346,725,538203,75,8000,67,12,858,4.9,18315,8705,9610,1080,1050,1055,1165,1145,1080,1160,710,1175,1475,1595,1580,1260,980,565,465,400,375,17775,435,270,295,255,100,565,375,110,280,60,3190,2325,4780,2535,219,2038276.859,1.071735422,18416,118050.2,1326.36,49.09222948,230.3,1250,18,62.87,64.78,5,21,693,2.294117647,516,538203,3800,20.7,1655,22.4,0.585864484,0,1205,29,80,391,34,264,21,43,603,409,125,47,205,0,0,7,15,25,128,44.29355774,2532.076923,95,93,998,2000,3910,1170,160,410,1080,1070,2670
Thorncliffe Park,3818,9847,449,724,313618,21,38000,73,5,471,3.1,19225,9275,9965,2050,1675,1340,1120,1085,1505,1600,520,1680,1540,1190,990,800,705,455,380,280,325,18150,215,245,385,30,45,780,4855,105,960,75,5070,2220,3485,1985,19,745856.3539,0.596240135,139415,297984.76,422.7,87.64769066,211.2,1450,18,49.73,54.51,7,11,551,1.444444444,1105,313618,14785,76.9,5110,76.1,0.83828852,0,884,109,686,2490,30,130,8,25,609,253,87,41,227,2,0,4,39,17,154,13.29149971,6611.5,62,256,3016,3030,8700,3370,250,290,700,750,1780
Leaside-Bennington,239,2901,313,791,1071823,274,0,77,18,1506,4.8,17010,8170,8855,980,1250,1185,1150,880,560,670,725,1075,1525,1535,1465,1115,925,465,400,385,690,16460,340,10,160,150,70,100,15,80,95,85,3420,2025,4700,2665,220,2166689.571,0.797010748,282,11162,163.2,42.12314225,147.4,0,10,67.52,74.51,0,5,89,0,58,1071823,485,2.9,290,4.4,0.299546269,0,4902,21,861,4619,5,40,6,63,326,178,132,59,150,0,0,8,24,32,280,48.30630623,8701.583333,62,92,1301,590,930,180,40,50,490,170,1180
Broadview North,1306,1286,129,728,518555,57,79513,74,3,317,1.7,11565,5440,6120,665,490,430,495,640,920,1025,455,1050,1050,995,830,730,690,375,305,250,180,11080,415,70,250,95,60,315,50,120,65,50,1590,1135,2970,1545,85,664464.2361,0.399753886,0,0,0,46.32426989,226.9,421,10,59.24,64.02,13,9,238,1.2,326,518555,5570,48.2,2855,50.9,0.695815386,0,0,0,0,1,20,106,15,24,302,186,64,66,102,1,0,3,9,9,47,15.20816339,3892,44,51,646,1250,2150,500,110,200,590,480,1380
Old East York,569,1017,134,756,581398,88,0,69,0,444,2.3,9115,4435,4690,460,470,435,440,475,500,600,360,660,745,905,760,670,600,330,290,210,215,8795,345,5,90,185,50,220,60,35,35,35,1365,910,2680,1410,127,719730.3848,0.293560692,0,0,0,40.14336918,233.3,610,3,61.88,67.94,3,4,78,0.5,113,581398,720,7.9,390,10.1,0.559600088,0,4992,91,136,307,22,55,3,31,306,134,64,98,73,0,0,4,8,11,60,23.84081641,0,74,60,341,630,1120,280,60,110,410,260,940
Danforth-East York,1049,3715,167,763,518568,214,2600,77,3,587,2.2,16710,7985,8725,1085,795,720,750,795,955,1495,650,1500,1440,1425,1245,1140,990,550,475,405,290,16195,1095,30,215,490,120,260,175,90,75,60,2610,1545,4480,2355,262,409082.5071,0.070298427,143,9295,137.28,49.86757473,220.3,0,33,62.77,69.92,5,8,287,11.5,231,518568,945,5.7,525,7.6,0.592479488,0,288,73,0,339,14,82,4,41,378,156,93,24,110,0,0,2,8,5,106,35.28021008,3039.75,53,67,1599,1250,2340,590,150,240,760,590,1770
Woodbine-Lumsden,582,558,56,748,440700,95,0,73,1,240,1.2,7825,3745,4080,420,345,310,360,405,470,640,305,645,670,735,700,590,470,285,205,170,90,7600,580,0,105,125,55,170,40,35,20,25,1060,770,2130,1065,122,320284.0376,0.098423722,0,0,0,40.97859327,260.5,261,1,59.48,66.49,1,5,201,11,134,440700,820,10.5,530,15.2,0.492190963,0,3042,110,235,5162,4,60,6,12,216,101,53,23,66,1,0,2,7,10,70,16.07900302,2022.25,39,27,165,660,1100,240,70,120,410,290,990
Taylor-Massey,2635,1399,157,721,254151,60,119039,77,0,237,1.1,15595,7665,7920,1195,1000,835,760,1000,1245,1295,415,1435,1350,1235,1085,900,635,375,315,260,235,14800,580,260,185,45,60,355,675,110,180,90,3040,1765,3140,1615,81,328675.3563,0.198037905,22,48.4,0,65.09248327,272.2,1890,9,58.04,58.35,5,11,353,3.333333333,919,254151,10710,68.7,4435,70.5,0.772955853,1,103,1775,430,1754,28,187,19,51,523,343,89,18,212,1,1,7,22,28,89,10.68841484,3575.5,27,73,715,2350,5180,1560,150,330,750,820,1850
East End-Danforth,1901,3636,516,741,535867,330,32880,85,1,629,2.6,20840,9985,10865,1320,1145,1070,1135,1095,1330,1580,720,1875,1875,1930,1695,1405,1195,495,375,315,295,20075,940,45,270,205,135,375,350,75,100,90,3525,2235,4815,2215,284,782726.8386,0.126726419,0,0,0,44.74074074,330.7,60,46,60.69,67.34,14,14,1000,0.90625,599,535867,2600,12.5,1505,16.5,0.432606741,3,8000,9,162,847,46,252,15,102,866,468,146,66,277,1,0,4,10,39,129,31.17002467,0,89,129,1576,2030,3520,900,120,360,1050,890,2600
The Beaches,672,5694,531,764,751945,167,0,88,2,1244,3.6,21135,10040,11100,1265,1275,1145,1045,1080,1120,1460,900,1745,1990,1990,1740,1615,1325,505,390,270,245,20820,245,25,180,175,75,85,10,85,40,45,3695,2120,5255,2320,323,1416720.313,0.614909147,58703,152295,175.68,41.24742571,221.2,0,24,64.61,73.55,5,17,193,0.333333333,143,751945,220,1,150,1.6,0.245249178,0,5921,503,233,4143,12,114,14,119,369,292,162,23,165,0,0,7,15,11,193,43.72176959,3434.25,44,131,1868,1150,1760,370,60,170,720,420,1700
Woodbine Corridor,906,1896,146,749,521549,214,37500,85,2,358,1.6,11705,5640,6070,890,595,550,525,590,675,995,345,1230,1125,1150,935,795,590,235,210,170,85,11410,615,25,135,120,75,70,85,35,25,45,2055,1120,2405,1030,214,669942.2878,0.104449371,1,5000000,0,53.83838384,323.1,975,11,61.21,71.37,2,7,841,0.703703704,242,521549,405,3.5,200,3.8,0.401583171,4,2273,5,30,244,23,139,11,47,445,239,95,30,125,2,1,1,4,13,75,20.75984929,5104,35,57,455,1060,1770,450,50,210,560,510,1370
Greenwood-Coxwell,1762,2342,315,738,490920,94,5700,88,2,329,1.7,14075,6885,7195,975,595,590,655,835,980,1295,460,1420,1200,1200,1125,980,660,400,310,240,185,13660,1910,55,210,155,70,115,400,20,35,35,2160,1480,3210,1585,249,530193.1089,0.087044064,1358,1358,0,45.44734759,308.8,2030,23,57.98,65.02,11,7,919,0.96969697,385,490920,625,4.4,365,6.1,0.56769881,3,2772,0,136,532,30,183,18,96,461,392,98,40,148,2,0,2,21,42,91,23.60064249,2621.5,44,90,688,1610,2920,740,170,260,720,680,1710
Danforth,626,2786,414,755,585093,152,23810,86,2,256,1.1,9450,4605,4845,635,505,400,445,565,640,780,410,825,725,740,705,600,510,325,270,190,175,9165,625,10,100,525,70,65,105,25,20,45,1555,1010,2465,1355,140,282212.74,0.001837121,0,0,0,46.33204633,276,320,53,58.84,67.2,3,2,715,8.75,153,585093,405,4.3,360,9.2,0.569736679,0,2969,0,0,0,34,121,12,49,491,262,72,59,119,1,1,3,13,29,92,15.45133445,0,53,48,662,840,1400,320,130,90,360,230,860
Playter Estates-Danforth,288,2243,301,757,842668,162,75239,90,1,298,0.9,7655,3760,3890,355,420,365,355,375,600,630,320,590,680,640,600,525,470,220,175,140,200,7345,205,10,140,95,35,60,15,40,40,30,1135,725,2045,1065,78,313433.735,0.059229148,508,33020,487.68,34.48806774,206.1,0,37,67.11,72.07,13,2,192,2.6,103,842668,965,12.6,720,20.3,0.442350904,2,0,0,0,1,17,62,9,33,363,146,45,47,104,2,0,4,3,18,112,11.62757371,2725.333333,41,56,915,570,870,150,50,60,230,140,550
North Riverdale,503,4033,327,767,818592,233,0,90,1,390,1.8,12195,5965,6220,670,630,595,610,610,795,905,480,1045,1040,1235,1065,820,730,370,265,185,160,11820,1180,5,140,130,45,60,30,55,10,25,1885,1200,2995,1455,151,596433.9365,0.32216634,0,0,0,38.91402715,274.5,753,31,63.38,71.11,31,4,163,0,161,818592,805,6.6,590,11.5,0.449889201,2,3975,38,18,1362,27,227,19,79,624,402,75,46,129,0,0,0,10,40,110,18.77734793,3522.333333,43,95,1696,870,1380,250,90,100,420,260,1000
Blake-Jones,1021,1789,133,739,571246,30,112653,89,1,141,0.9,7765,3815,3945,520,400,440,440,505,575,640,250,660,650,655,635,435,380,205,135,145,80,7495,830,30,85,70,55,55,90,20,50,20,1370,950,1615,790,119,244636.6881,0.017038934,850,850,0,48.83895131,288,933,12,57.35,66.87,15,4,658,2.875,204,571246,620,8,300,9.4,0.576802592,2,0,0,0,116,25,108,12,46,213,221,43,3,93,2,0,1,13,16,40,11.66190741,0,11,49,337,990,2040,670,60,220,450,630,1210
South Riverdale,2695,12378,1197,746,537087,224,326371,91,18,452,9.6,25640,12885,12775,1510,980,945,1165,1560,2085,2560,790,2650,2365,2310,1940,1505,1280,620,575,445,350,24595,5850,25,270,120,250,250,75,70,80,70,3455,2710,5590,2810,388,1556802.282,2.776069153,347833,2172613.3,553.85,49.55539534,282.8,2152,36,53.75,64.22,23,7,1313,2.375,836,537087,380,1.5,215,2,0.603981615,3,4646,4988,881,6168,89,276,21,182,895,660,231,199,367,2,1,9,35,47,366,56.66203282,7386.2,109,318,3865,3060,5440,1280,260,520,1270,1370,3140
Cabbagetown-South St.James Town,986,2513,290,744,537025,0,69600,91,0,440,1.4,12050,6670,5385,355,240,275,335,755,1115,1130,615,985,1015,1250,1035,870,855,445,305,265,200,11345,530,60,305,90,85,260,35,160,50,105,880,1085,3550,1815,102,627970.2393,0.246257383,241,2.00E+07,227.52,26.59033079,394.1,1840,18,57.32,63.39,9,11,1434,2.551724138,358,537025,3800,31.5,2480,37.4,0.490475707,0,1150,54,45,705,39,84,10,76,668,253,100,66,369,1,0,0,12,32,74,15.27421978,1741,26,90,999,1390,1880,230,130,110,370,280,870
Regent Park,2491,1931,143,701,484444,30,37377,88,3,98,0.6,10010,5370,4635,620,660,755,770,850,845,830,210,775,870,865,720,520,370,140,110,65,40,8955,1130,520,190,30,65,95,125,35,45,35,2025,1615,1460,565,25,122445.1066,0.014814295,0,0,0,52.11505922,391,930,1,53.38,55.03,1,4,2591,7.25,650,484444,2655,26.5,1190,30.9,0.792616847,13,0,828,364,434,55,116,13,36,413,259,130,51,212,1,1,1,19,18,15,6.939176645,0,20,40,639,2360,5150,1750,110,420,710,1210,2010
Moss Park,3510,12051,841,709,457524,110,526251.92,95,6,317,1.4,16310,9460,6850,590,370,330,480,1270,1990,1975,570,1645,1475,1465,1340,1135,860,355,215,130,115,14645,750,90,320,90,105,180,90,185,130,90,1275,1750,3395,1395,70,212564.1373,0.098698665,3692,8732,0,37.83560512,614.6,2443,19,54.91,60.33,7,14,3133,3.542372881,1573,457524,3435,21.1,2375,26.3,0.573821946,19,60,1683,3,843,302,371,36,116,1824,921,215,111,805,6,0,5,27,64,59,23.8997873,7509.333333,71,211,4090,3540,5120,940,170,370,680,1000,1760
North St.James Town,2681,6705,243,705,489366,55,85839,93,0,182,0.4,17825,9260,8575,920,745,645,680,1720,2295,1990,445,1530,1500,1495,1240,895,770,330,270,175,190,16865,1035,915,550,50,135,1560,340,305,265,325,2315,2400,3060,1385,14,61616.24497,0.025782697,0,0,0,42.97466272,324,614,74,50.98,50.74,6,35,1715,15,1127,489366,13070,73.3,6660,72.4,0.806518762,6,103,2538,0,4,38,123,9,97,692,326,152,36,366,0,0,16,15,28,46,4.720277312,2377.666667,19,49,1263,3450,5860,1300,190,390,870,1010,2130
Church-Yonge Corridor,3090,54044,2443,736,410703,45,1115668,98,10,945,1.4,28345,15685,12660,590,270,245,835,3650,5000,3795,905,2525,2175,2105,1830,1495,1230,650,465,345,205,27115,2145,85,815,220,235,370,160,540,345,495,1120,4475,5325,2580,144,118541.4243,0.061520785,1092,4397.6,42.24,23.09250506,354.6,364,89,59.46,60.64,57,19,3653,1.235294118,1022,410703,11380,40.1,7855,43.1,0.595594896,8,0,0,0,142,99,535,60,143,2631,1006,257,181,1110,2,1,13,31,124,253,22.58273038,4183.727273,64,357,11048,3860,5160,490,240,220,720,550,1670
Bay Street Corridor,678,185891,4324,755,457787,30,2893324,99,8,1576,1.8,19345,9315,10030,795,345,235,665,3075,3695,2760,530,1535,1055,995,850,785,750,460,320,285,210,18720,3220,70,390,155,165,175,220,265,495,815,1370,3745,3375,1840,114,139974.8607,0.144315022,135026,322498.4,0,36.96248856,262.7,225,187,58.94,55.13,87,6,521,0.2,271,457787,6670,34.5,3650,32,0.752553801,5,0,0,0,91,108,554,47,129,2027,1017,179,189,1203,2,0,29,26,124,290,26.29975736,4701.1,126,580,27819,10050,12820,1020,840,450,820,1060,1920
Waterfront Communities-The Island,2864,88058,2899,748,416759,130,2395897,92,14,1222,7.6,43365,21735,21630,1290,560,560,815,3870,9410,7865,1185,4775,2940,2375,2185,1845,1610,810,595,380,275,41720,3730,120,1010,365,350,475,290,645,640,615,2405,4695,6670,3215,187,1379860.875,2.567218437,92338,260967.8,63.1,39.35372187,203,1423,40,61.7,65.89,44,15,3990,0.701754386,672,416759,5340,12.3,3310,12.3,0.58757678,9,3104,375,181,1558,148,892,41,139,2115,1393,272,382,1107,6,1,17,61,94,487,63.67921613,5771.68,90,610,21274,4480,6990,1070,300,410,1410,1040,3320
Kensington-Chinatown,2523,37205,1883,728,477989,247,1054403.08,97,1,210,1.5,18500,9125,9365,570,435,515,960,2680,2610,1770,525,1250,1145,1230,1135,865,755,560,605,450,445,17685,6070,15,325,65,340,190,60,95,125,180,1530,3645,4175,2570,87,186615.1575,0.066166444,1156,1648,0,31.51750973,218.7,1642,82,55.39,57.81,80,5,2597,0.710280374,781,477989,4195,22.7,2770,32.1,0.753034223,9,67,1971,0,96,197,369,25,166,1568,869,146,134,494,3,1,14,29,68,289,21.2281364,4152.777778,49,236,8166,3690,6070,970,340,410,860,1040,2210
University,259,10967,483,748,773920,15,208030,97,3,198,1.4,7790,3810,3985,185,165,125,320,1370,1200,745,275,510,425,445,375,365,365,230,240,180,300,7175,925,20,160,95,330,40,20,60,45,175,490,1670,1920,1185,46,237726.2955,0.005829924,27906,2555056.6,26415.68,28.92018779,256.7,1748,59,57.79,60.54,49,1,359,2,140,773920,730,9.4,490,14.9,0.615891901,3,0,0,0,4,54,131,21,53,544,296,72,78,296,1,0,1,6,30,86,15.59120246,0,45,152,2439,1180,1530,110,20,40,170,110,380
Palmerston-Little Italy,665,3262,521,742,781568,159,166598,95,3,218,1.4,13735,6830,6920,475,390,360,390,1370,2275,1640,525,1135,1045,815,735,660,595,460,385,300,210,13380,895,0,375,815,1195,55,35,55,40,125,1200,1755,3140,1890,130,291292.5258,0.03884142,0,0,0,25.82375479,209.5,990,57,61.76,64.73,4,1,262,6,170,781568,220,1.6,175,2.8,0.572853477,0,2577,4,79,419,25,123,18,57,395,261,99,67,149,1,0,4,16,18,95,18.86810933,2291.666667,40,148,1443,1280,1810,240,120,110,420,240,980
Trinity-Bellwoods,1415,5380,715,742,723909,332,104565,94,4,195,1.7,16805,8310,8485,705,525,495,545,1370,2240,1835,580,1440,1310,1305,985,850,770,590,565,390,275,16080,3115,5,190,540,2885,60,15,30,30,30,1730,1910,4030,2400,157,239145.5294,0.17939058,558,558,0,34.94060098,192.5,945,34,58.03,63.44,7,1,42,0.333333333,261,723909,0,0,0,0,0.705007689,6,5966,0,491,1534,62,165,19,67,757,361,135,83,234,1,1,2,22,23,156,26.77774476,4139.6,41,208,1951,1990,3220,490,180,160,600,380,1400
Niagara,1246,15621,591,747,398281,65,486176,84,1,336,3.1,21000,10320,10685,725,350,285,365,1400,4120,4505,420,2800,1725,1275,980,805,620,255,205,105,50,20125,1035,25,565,215,725,230,60,195,160,165,1380,1765,2455,1025,115,282844.0009,0.361737869,4819,18111.8,0,36.54694392,258.8,455,15,58.6,67,68,10,2052,1.631578947,334,398281,2115,10.1,1305,10.3,0.499369006,0,0,0,0,1650,64,241,25,46,598,417,124,103,401,0,0,8,17,16,312,19.53632815,5347.625,64,313,4758,1730,2580,440,90,230,670,570,1550
Dufferin Grove,1303,4072,375,721,502736,80,24065,90,1,132,1.4,11450,5685,5760,510,415,370,410,845,1475,1335,425,1025,920,775,785,615,560,350,290,180,155,11115,690,65,550,215,1955,110,80,70,15,180,1310,1260,2550,1380,108,250633.6213,0.078001154,6067,30993,0,37.26346434,191.8,1161,8,58.37,61.98,13,4,41,0,291,502736,1495,13.1,790,15.4,0.707595257,0,0,0,0,441,41,146,19,75,323,348,81,43,119,0,0,10,15,42,94,16.21458922,3287.2,42,141,1685,1310,2140,400,80,130,440,330,1050
Little Portugal,983,2597,344,727,514960,55,52210,88,3,144,1.2,12055,5910,6150,450,405,375,425,805,1485,1370,475,1105,935,840,750,615,610,470,405,290,240,11680,945,10,260,170,3085,65,5,45,30,35,1230,1245,3140,1910,106,115638.8164,0.016534602,4259,17357,0,37.22812342,272.9,547,18,59.46,62,6,6,386,3.166666667,239,514960,620,5.1,375,7.1,0.658093905,3,4202,2,259,394,37,137,12,77,444,296,70,27,129,0,0,7,10,16,122,17.38358577,6815.5,22,102,1127,1300,2030,390,130,200,560,470,1340
South Parkdale,4473,7617,564,695,500054,70,196602,83,5,204,2.3,21245,10810,10435,980,785,800,910,1500,2395,2400,715,2075,1760,1545,1580,1215,1075,535,400,290,285,19440,505,380,535,85,300,820,60,165,105,80,2565,2415,4495,2195,61,364045.7564,0.45833344,43033,44369.2,0,40.78692158,424.9,1723,14,48.6,56.51,9,21,1545,1.214285714,1194,500054,10080,47.4,5130,48.4,0.703912878,17,336,3388,3171,5136,140,333,16,64,1056,634,168,158,491,2,1,9,29,42,110,24.80493413,6156.444444,40,152,1520,3640,5660,1060,200,440,970,1100,2420
Roncesvalles,2268,2885,540,741,581425,150,40000,91,0,238,1.5,15050,7430,7620,970,815,700,555,780,1290,1540,465,1515,1460,1250,1055,825,670,395,325,235,200,14620,555,160,200,115,505,145,35,90,20,65,2460,1340,3105,1610,177,317461.8945,0.039249551,156,10140,149.76,41.9379845,281,1340,61,52.96,65.25,7,6,501,7,409,581425,2530,16.8,1160,17.1,0.593308877,5,3781,819,898,1478,74,192,13,75,782,386,134,77,264,1,0,4,10,18,139,19.20689115,4172,41,90,1301,1680,2640,510,180,170,550,430,1330
High Park-Swansea,1680,6594,448,770,622206,229,53400,79,5,1091,5.3,21750,10030,11720,1235,1100,935,870,1030,1655,1895,885,1880,1865,1705,1575,1370,1235,655,560,565,730,20850,320,5,355,210,210,120,30,385,90,130,3255,1910,6000,3380,252,2750624.56,1.832356973,0,0,0,41.86915888,187.7,0,87,63.61,70.85,1,2,473,5.714285714,227,622206,2165,10,1230,12.4,0.538544589,2,4218,51,155,5276,19,103,6,59,522,232,113,59,251,0,0,2,26,17,291,47.64471023,4831.9,77,125,2658,1350,2290,560,120,210,770,590,1890
High Park North,1054,2577,254,759,609689,241,41800,84,1,789,1.9,21300,10100,11190,1100,805,750,785,1330,2380,2250,735,1975,1755,1595,1475,1365,1155,505,450,385,470,20700,590,75,605,195,325,170,45,930,165,420,2645,2120,5085,2565,174,716638.9917,0.058883025,0,0,0,38.77179287,192.5,35,27,55.93,67.42,2,7,661,2.2,369,609689,8530,40,5060,47.7,0.646882074,1,5455,86,42,1551,29,125,8,106,744,309,101,53,225,3,0,1,14,26,145,23.63400611,2299.333333,61,87,892,1810,2940,530,160,190,770,490,1770
Runnymede-Bloor West Village,251,2421,334,777,666204,220,8670,81,0,427,1.6,9635,4565,5065,735,600,490,495,470,470,730,310,910,875,845,755,630,535,215,190,190,165,9420,190,5,140,165,115,70,10,50,15,40,1825,970,2250,1085,175,530461.1918,0.012453777,1363,4748.4,0.02,52.36220472,224.1,360,24,62.76,73.77,2,1,6,0,46,666204,0,0,0,0,0.466757723,0,2746,0,0,7,8,69,3,42,311,165,75,20,83,1,0,5,21,17,102,19.86655409,2667.5,55,56,924,410,720,170,40,60,320,150,790
Junction Area,1155,6528,631,733,532997,30,12000,83,1,282,2.6,14015,6820,7210,775,625,615,785,900,1275,1390,430,1285,1200,1195,1100,890,670,305,230,195,160,13355,565,25,500,175,780,290,35,105,25,65,2025,1680,2880,1320,178,477509.2854,0.09520802,109791,184373.2,1628.64,47.77921518,257.1,80,9,54.95,64.68,1,11,59,4.333333333,343,532997,25,0,20,0.3,0.609884639,0,0,0,0,577,40,143,14,57,501,304,111,83,199,2,0,3,32,15,146,26.82264851,5993.6,93,164,2420,1350,2190,480,80,220,650,560,1590
Weston-Pellam Park,1754,1214,178,698,382119,84,84270,75,4,83,1.5,12015,6015,5990,660,655,715,825,815,965,955,380,915,925,1020,935,765,610,275,260,200,135,11475,310,30,860,665,2770,130,20,25,10,15,2035,1645,2630,1250,97,160318.6378,0.036219298,123,123,0,45.95274007,236.7,1638,6,56.66,61.93,0,6,695,5.272727273,332,382119,460,3.8,385,8.8,0.739573478,6,0,0,0,152,58,125,26,44,353,300,64,22,128,0,0,7,23,17,104,16.90758145,2896.8,32,62,457,1530,2810,800,120,310,790,870,2040
Corso Italia-Davenport,1294,2111,420,708,502819,105,0,79,3,136,1.9,13735,6710,7035,705,620,625,840,950,1155,1185,480,1015,1015,1135,1060,865,640,470,405,345,210,13180,295,10,1040,1855,3035,190,20,20,15,25,1965,1800,3425,1925,173,336321.8106,0.126546218,0,0,0,41.79620035,174.2,960,52,60.99,64.17,2,5,93,0.222222222,263,502819,0,0,0,0,0.73469712,0,6245,0,218,1689,21,127,15,50,458,264,81,66,102,1,0,2,18,31,124,22.3904709,3832.833333,73,78,584,1210,2120,500,100,240,720,590,1680
Dovercourt-Wallace Emerson-Juncti,3563,5077,890,719,512789,179,97970,88,8,409,3.7,34635,17225,17415,1670,1345,1430,1720,2635,3770,3495,1235,3080,2650,2675,2425,1920,1595,1070,870,610,445,33270,2255,285,1395,1260,6535,345,145,160,70,230,4455,4355,7750,4250,380,409561.3,0.236699059,10190,25424,1.4,42.56825076,216.4,1934,27,58.41,62.86,22,16,1375,1.15,955,512789,960,2.8,560,4,0.719049512,10,4826,40,175,1993,127,275,55,162,1145,743,228,99,403,0,1,8,62,53,286,47.68163149,3898.416667,137,204,1748,3860,6400,1330,320,550,1580,1340,3820
Wychwood,911,5143,379,745,656868,84,24000,86,3,466,1.7,13985,6460,7525,730,610,540,650,870,1010,1085,580,995,1100,1000,875,860,755,510,535,500,770,12855,630,15,540,555,795,205,0,85,50,105,1885,1515,4525,2915,162,455742.7193,0.064319715,4502,5104.4,0,38.85088919,207.6,130,35,61.35,67.12,7,4,1154,1.346153846,331,656868,1210,8.7,785,14.2,0.601919111,6,0,0,0,1043,15,91,13,58,507,220,96,56,140,1,0,5,15,23,75,22.11651935,3112.5,62,74,770,1220,1940,400,110,190,600,440,1450
Annex,1150,25719,2328,755,993491,201,553355,94,11,1401,2.8,29180,13745,15415,865,695,635,870,3045,4190,2995,1385,2085,1900,1860,1715,1680,1805,1100,840,685,795,27380,1370,30,555,520,355,135,90,315,270,375,2195,3895,8305,4805,235,789795.1516,0.11249685,188,3772,53.76,25.44437787,231,430,198,61.06,65.1,35,6,779,2,464,993491,6945,23.8,5005,32.2,0.488581691,6,168,0,0,353,33,272,46,155,1526,604,257,161,777,2,1,20,39,38,331,39.47685229,5810.5,120,290,6951,3110,4260,490,200,230,730,520,1720
Casa Loma,189,3283,258,771,1083381,142,28600,80,3,714,1.9,10485,4885,5600,375,375,405,405,655,1070,820,615,665,700,745,680,765,830,455,330,305,275,10255,255,5,220,125,70,145,10,140,50,35,1160,1065,3595,1995,80,893260.9166,0.173001423,575,5631,75.84,29.78723404,166.5,0,77,68.88,68.26,5,4,101,0,87,1083381,3035,28.9,1895,35.6,0.402803118,0,3883,25,0,2540,3,33,2,41,444,91,81,55,236,1,0,4,4,4,116,22.99642277,3815.5,45,74,1319,630,950,140,60,40,280,130,650
Yonge-St.Clair,283,7858,468,771,995616,20,6500,84,0,1126,1.2,11655,5235,6420,395,345,235,285,645,1355,1125,755,900,860,755,715,760,820,525,445,365,395,11445,250,10,230,120,55,95,10,180,120,55,985,925,4075,2505,74,428626.4357,0.02470925,0,0,0,29.69885774,142,0,56,70.1,71.8,14,4,0,0,74,995616,3940,33.8,2655,39.2,0.395199103,0,0,0,0,2531,0,27,5,62,312,111,67,28,175,0,0,6,8,3,99,12.83543094,7116,28,58,1221,680,980,110,30,40,320,90,750
Rosedale-Moore Park,499,19160,683,777,1265389,162,38672,84,8,2101,4.6,20635,9410,11220,690,875,925,1065,1195,1405,1150,1370,1125,1420,1560,1605,1565,1555,980,825,710,640,20250,515,5,310,160,80,185,40,185,180,150,2495,2250,7640,4525,170,2557866.411,0.793670753,0,0,0,27.99736495,133.7,0,40,67.82,71.59,19,9,573,1.333333333,186,1265389,4735,22.9,3170,31.6,0.369962628,0,0,0,0,3611,9,85,12,82,972,237,222,130,578,0,0,9,20,20,305,48.24002744,3646.62069,91,148,2435,1120,1650,230,110,70,480,180,1090
Mount Pleasant East,288,4741,463,777,815247,82,3500,88,1,1297,3.1,15980,7415,8565,1110,910,775,690,785,1040,1250,700,1405,1430,1355,1135,1040,955,490,375,265,275,15690,380,20,215,125,75,135,20,180,150,105,2790,1445,4110,2105,213,1407432.303,0.087790047,446,1.00E+07,0,50.53892216,170.3,15,47,68.05,75.37,55,5,333,6.333333333,101,815247,2280,14.3,1555,21.1,0.405103095,2,1603,0,0,147,9,51,5,52,405,135,99,52,150,1,0,5,7,6,218,28.31337044,5380.714286,58,83,1690,760,1210,200,70,90,480,200,1100
Yonge-Eglinton,189,11746,690,759,975449,45,78748,89,2,829,1.6,10580,5045,5530,620,530,400,445,675,1080,1055,470,885,850,740,625,735,655,255,240,160,165,10380,280,10,235,100,45,115,10,85,60,145,1545,1110,2670,1285,130,581770.2508,0.127074744,0,0,0,42.58962012,160.6,280,62,66.34,73.88,9,4,149,0,76,975449,1740,16.4,1275,24.5,0.395542599,0,6122,26,881,2046,43,69,9,60,307,229,115,34,147,0,0,1,14,33,143,22.07398574,5391,67,134,2555,770,1100,150,60,60,310,140,730
Forest Hill South,134,1945,175,775,1585984,30,0,76,5,730,2.5,10925,4980,5950,365,425,530,760,820,810,665,580,585,645,780,820,820,755,445,365,355,405,10520,180,0,155,95,40,245,0,120,65,30,1320,1590,3730,2155,92,1122215.131,0.120135194,691,44915,663.36,28.93309222,150.5,0,25,71.33,71.29,3,3,233,0,55,1585984,1990,18.2,1380,28.8,0.360459075,0,0,0,0,1,0,19,1,58,252,92,83,22,199,0,0,7,3,4,164,30.25289175,5855,28,42,874,550,860,100,70,20,210,80,500
Forest Hill North,633,897,144,749,957688,110,0,77,3,392,1.6,12475,5585,6895,695,690,625,745,780,855,915,470,975,1020,960,950,805,765,350,285,245,340,12155,225,5,475,145,85,750,20,485,65,85,2015,1530,3270,1700,91,601604.5268,0.108893972,73,3363.4,48.96,40.42950514,152.1,0,12,67.09,70.29,3,10,325,2.4,185,957688,5960,47.8,2990,55.9,0.598462442,2,0,0,0,355,4,48,14,57,488,155,105,61,165,0,0,4,6,22,153,20.41502948,5872.555556,53,61,290,1020,1770,340,90,130,460,320,1120
Lawrence Park South,240,1634,167,784,1215390,140,0,72,3,1307,3.2,15075,7170,7895,780,1045,1070,1170,1020,790,715,660,915,1145,1280,1255,1130,925,385,285,280,185,14855,270,5,170,155,35,205,5,110,90,95,2895,2210,3825,1780,176,1808680.345,0.193230593,1,16,0.02,39.46459413,128.4,0,7,72.6,77.01,0,1,113,1.4,80,1215390,455,3,290,5.1,0.302540626,0,0,0,0,2337,8,30,5,109,214,191,149,32,228,0,0,4,26,9,183,39.90787305,4398.111111,39,69,510,580,930,160,40,20,350,130,860
Mount Pleasant West,1343,13311,1129,753,520032,255,0,95,4,1392,1.3,28590,12895,15700,855,550,585,730,1965,4755,4125,1015,2765,2125,1940,1640,1410,1305,840,615,545,815,27655,1080,85,900,225,260,495,70,740,990,610,2000,2715,6540,3825,99,327893.457,0.047800447,248,16120,238.08,24.55706634,191.6,333,135,61.25,67.72,21,11,1443,1.310344828,449,520032,12910,45.2,8410,47.9,0.596975983,13,0,0,0,1703,24,164,19,93,957,355,142,54,376,0,0,2,18,35,228,16.12560861,5827.571429,45,111,4505,3220,4740,700,230,260,990,610,2270
Lawrence Park North,166,3624,381,790,980831,212,0,78,3,1231,2.3,14540,6915,7625,1205,1170,965,840,660,525,820,530,1265,1425,1245,1095,855,795,355,285,260,270,14205,355,10,140,180,60,145,15,135,90,165,3320,1505,3330,1690,245,1126524.597,0.040585045,202,13130,193.92,63.34716459,175.7,0,54,68.7,76.86,8,0,110,2,54,980831,20,0,0,0,0.332256057,1,1811,0,0,1448,2,33,4,56,290,141,138,28,104,1,0,6,27,13,218,29.60219911,4704.142857,55,46,1342,590,980,190,50,70,420,150,1010
Humewood-Cedarvale,698,1345,139,747,800442,108,0,80,2,302,1.9,14110,6440,7670,785,670,600,635,1095,1435,1315,525,1195,1105,1055,970,875,765,380,260,235,205,13680,220,15,605,350,255,780,20,140,50,120,2055,1730,3230,1590,124,689493.7412,0.223360898,0,0,0,40.07662835,157.8,100,10,63.49,69.42,1,8,445,0.375,247,800442,2390,16.9,1410,21.4,0.519463521,4,796,3,0,1215,18,72,5,26,273,139,94,6,119,0,0,4,10,4,88,23.21263491,3941,29,51,471,1190,1820,290,90,150,510,350,1170
Oakwood Village,2412,1573,255,713,482040,168,50000,82,0,352,2.2,21075,10005,11070,1125,985,1030,1080,1275,1500,1630,945,1680,1700,1620,1525,1315,1155,820,705,510,450,20205,570,25,1405,1810,1970,1070,35,165,40,110,3130,2355,5925,3440,194,332628.152,0.049076804,0,0,0,49.22173275,229,1443,9,59.48,62.36,20,9,966,2.75,578,482040,2110,10,1170,13.7,0.710655156,3,4027,0,0,3,37,165,14,56,622,307,117,40,141,1,0,1,16,18,178,32.5587855,4503.666667,40,84,500,2280,3930,940,240,440,1240,1090,3020
Briar Hill-Belgravia,1432,3446,477,719,373937,25,31400,81,2,218,1.8,14295,6590,7720,695,605,715,770,890,1075,1180,470,1115,1175,1290,1190,925,790,465,370,320,245,13680,345,80,800,1020,1100,1190,25,600,40,65,2010,1665,3580,1870,101,169474.2495,0.079464109,2611,4517.7,0.01,44.25216316,182.2,190,30,59.82,60.08,16,9,328,2.666666667,309,373937,4540,31.8,2105,36.3,0.811962441,1,0,0,0,286,33,115,17,36,539,259,106,46,133,1,1,3,29,25,137,22.4839455,11837.28571,45,93,637,1670,2870,580,180,250,830,620,1960
Caledonia-Fairbank,1153,944,92,700,400532,75,9000,69,1,89,1.5,9855,4825,5025,555,480,550,645,655,765,785,370,680,725,840,790,630,510,320,225,185,140,9430,110,20,765,780,2745,395,20,20,10,15,1600,1305,2385,1240,104,325125.1954,0.029773559,0,0,0,44.75853946,233.8,1010,1,59.85,62.95,2,4,16,0,164,400532,235,2.4,75,2.1,0.747543152,0,0,0,1575,97,16,94,17,28,250,170,28,15,45,0,0,1,8,6,82,18.70522556,5796,37,52,123,930,1720,460,80,200,560,500,1350
Keelesdale-Eglinton West,1653,1644,266,707,373029,25,0,69,3,132,1.7,10640,5225,5410,555,520,610,690,695,725,760,450,720,805,905,850,645,590,365,340,250,150,10195,225,65,740,775,2755,310,60,25,10,5,1700,1385,2810,1570,88,348052.1995,0.135732361,2750,8074.6,144.5,47.92368126,209.5,1385,13,56.84,61.42,3,4,349,2.8,251,373029,245,2.3,165,4.1,0.755119216,3,344,0,1,1485,24,125,15,58,340,283,58,32,89,0,0,1,21,39,141,22.30262457,2186.666667,24,119,424,1080,1970,540,130,230,580,580,1410
Rockcliffe-Smythe,3422,3345,314,710,353967,110,0,61,8,539,5.1,22270,10750,11520,1290,1230,1305,1455,1470,1515,1500,975,1435,1555,1785,1680,1420,1220,805,700,530,385,21500,475,50,2035,700,2540,365,80,120,55,65,3820,2925,6070,3425,252,1538308.167,0.552890991,653,2573,28.8,51.85185185,262.5,2505,12,60.03,62.59,0,17,1252,3.470588235,564,353967,5200,23.3,2590,29.1,0.740570254,6,26,0,273,1088,50,182,29,68,795,404,112,62,195,2,0,5,39,31,193,43.05565102,5589.25,104,115,699,2640,5160,1600,240,600,1530,1670,4000
Beechborough-Greenbrook,1478,4140,128,677,440179,22,5000,62,3,108,1.8,6490,2990,3500,455,390,395,415,455,535,495,225,425,480,535,470,365,305,185,155,115,95,6245,45,90,285,410,795,170,15,10,5,15,1235,865,1435,765,41,471027.1467,0.207527138,3911,21135,254.4,54.28051002,297.7,450,7,59.9,63.34,1,10,537,1.1,293,440179,410,6.3,185,6.9,0.641303435,3,4087,91,63,373,38,116,12,26,347,222,47,46,147,2,1,4,6,19,103,16.39852965,5102,35,63,962,950,1920,680,60,290,610,830,1580
Weston,4149,4578,536,679,280187,157,46910,73,10,377,2.6,18170,8545,9625,1270,985,940,1100,1270,1420,1405,640,1255,1330,1440,1375,1220,925,520,400,350,325,17445,230,320,1400,650,655,270,60,55,170,40,3205,2370,4370,2235,94,804471.0408,0.240153499,96336,647850.1,227.37,63.50995866,322.2,1105,49,56.64,62.27,4,32,1048,5.4,814,280187,5865,32.3,3005,38,0.61487124,5,1709,0,0,1594,89,278,35,45,683,554,138,47,336,0,1,8,32,66,196,29.13558051,4369.25,75,178,1986,2650,5050,1680,160,680,1490,1890,3910
Lambton Baby Point,1049,438,66,749,806452,19,0,70,1,360,1.7,7920,3695,4220,585,535,505,475,405,435,505,265,590,690,660,630,565,435,205,155,125,160,7750,85,0,205,95,125,40,0,105,30,45,1630,880,1900,900,80,800289.8023,0.440985674,0,0,0,45.30120482,183.5,120,7,63.38,71.69,0,0,644,4.5,94,806452,1170,14.8,515,16.3,0.540353798,11,486,0,5,1677,8,28,2,20,207,81,49,9,59,1,2,1,8,12,52,19.21811928,2337.857143,28,20,102,690,1390,510,60,190,450,580,1170
Mount Dennis,2937,2198,184,680,273418,109,0,59,1,157,2.1,13150,6210,6935,805,805,835,930,950,1020,915,460,855,930,1150,1045,800,615,365,225,200,235,12425,295,65,1290,210,800,390,60,60,70,175,2455,1865,2940,1515,92,705790.7966,0.672325001,156,156,0,54.48628545,232.3,1960,6,55.49,60.13,1,21,864,1.733333333,545,273418,3640,27.7,1350,27.7,0.695403325,3,1035,0,5,1312,48,135,16,53,445,302,61,53,220,0,1,2,14,33,64,17.69051031,13491.5,59,59,620,1930,3770,1250,150,510,1200,1370,3150
Steeles,1549,5835,237,778,440688,105,35000,61,2,574,4.6,25010,12010,13010,950,940,1120,1565,1925,1905,1280,1195,1350,1905,2070,1895,1820,1745,1050,895,715,690,23975,15735,270,85,260,30,350,105,25,80,90,3020,3500,8105,4545,692,1022877.242,0.450219119,2596,2596,0,39.00156006,143.8,0,9,68.59,65.21,13,0,0,0,428,440688,2985,11.9,1175,15.3,0.821580526,0,4088,1109,966,2173,5,51,7,82,330,205,45,48,95,2,0,4,30,26,234,46.33675666,3711.3125,80,99,1074,3520,7570,1560,710,400,1090,960,2610
L'Amoreaux,3848,4734,443,758,355438,126,8000,65,6,1405,7.1,44915,21085,23840,2230,2100,2375,3070,3125,3075,2380,1955,2790,3320,3870,3310,2950,2610,1865,1640,1270,1015,43075,15065,3655,320,715,100,1125,510,100,675,180,6695,6210,13275,7725,745,2262946.56,0.598731588,251,16315,240.96,43.27044025,163.4,1735,88,63.64,63.56,9,12,1552,7.733333333,867,355438,13580,30.2,5420,36.3,0.848396954,17,3730,237,1,4168,35,116,8,112,944,367,118,116,307,1,1,7,21,67,215,66.57614957,2482.52381,138,249,2015,5840,12450,3230,1020,860,2230,2380,5730
Tam O'Shanter-Sullivan,1973,3882,343,756,411143,192,0,64,15,1031,5.5,27390,12840,14555,1460,1380,1370,1560,1765,1665,1605,1235,1850,1965,2230,1925,1655,1435,1220,1190,945,970,26195,8220,1150,315,340,70,820,780,65,420,170,4170,3305,8595,5520,371,1710828.495,0.348352702,0,0,0,49.68461912,158.8,1055,59,63.78,64.07,5,10,985,6.833333333,589,411143,7440,27.2,2950,30.1,0.821252036,12,2766,262,181,4600,27,112,18,81,711,292,97,111,276,4,0,5,12,37,171,50.85001538,2522.181818,55,260,1751,3100,6570,1660,520,420,1270,1100,3080
Wexford/Maryvale,3014,16717,945,735,422689,140,51800,67,18,1539,10.2,27020,13015,14005,1430,1320,1530,1740,1710,1620,1570,1060,1665,1940,2340,2235,1830,1465,990,860,900,790,25830,1255,1070,515,565,145,1705,400,65,280,155,4285,3465,7930,4615,396,2010846.173,0.47116816,50349,187050.8,1102.08,50.9202454,196.6,189,64,63.17,62.21,14,37,578,0.916666667,593,422689,3055,11.3,1335,13.4,0.690990962,0,7239,111,862,4777,60,307,23,132,1073,620,165,192,271,2,0,8,41,49,262,86.67723451,3539.25,182,607,4882,2670,5500,1620,330,470,1470,1220,3640
Clairlea-Birchmount,2688,15391,831,741,387912,84,48393,69,8,719,7.4,24775,12095,12670,1520,1305,1420,1585,1575,1730,1830,775,1780,1955,2220,1925,1550,1220,650,605,540,580,23025,1800,535,350,460,120,1360,740,75,230,60,4245,3170,5890,3125,289,1282846.088,0.418068747,445019,657051.4,285.32,50.92682927,281.3,2169,12,61.52,64.64,4,9,273,3.8,570,387912,3600,14.5,1480,16.9,0.708584471,2,1063,0,91,1386,38,285,24,116,1190,583,156,102,296,3,2,8,66,44,268,63.8376636,3601,129,465,4157,2680,5650,1720,270,440,1300,1120,3200
Oakridge,2967,1768,201,704,347446,54,30400,71,2,165,1.8,13505,6590,6915,1055,930,885,850,810,955,1035,435,1010,1125,1060,1035,725,555,340,250,205,265,12880,640,200,125,120,50,455,460,55,335,40,2880,1650,2760,1480,79,523379.9543,0.25345683,416,416,0,60.49886621,288.1,645,7,57.49,60.59,0,9,1464,10,869,347446,6100,45.2,2710,51.9,0.766588866,20,151,1994,697,815,55,169,13,91,498,376,97,50,188,4,0,4,14,30,76,19.11891564,3205,56,80,535,2570,5890,2060,140,420,780,1230,2150
Birchcliffe-Cliffside,1789,3228,345,747,522905,110,64400,71,8,1143,6,21860,10455,11390,1060,1045,1110,1370,1200,1115,1180,960,1415,1615,2105,2085,1745,1510,705,575,530,535,21080,740,105,220,245,120,345,60,70,75,20,3210,2565,6560,3315,347,2019988.264,0.616075255,0,0,0,39.26342072,318.1,425,23,59.42,67.73,1,16,870,13.42857143,283,522905,745,3.4,465,5.1,0.370008961,6,6880,0,2861,5949,26,208,4,105,771,411,132,70,276,2,0,9,20,39,193,64.45457811,2636.263158,104,114,1387,1790,3050,740,120,320,1120,770,2650
Cliffcrest,1342,2132,200,748,542218,70,0,54,16,928,7.1,15700,7645,8060,775,840,1035,1125,985,790,695,650,905,1175,1410,1410,1130,1020,485,525,395,355,15340,560,415,200,200,65,365,100,90,150,40,2655,2105,4575,2430,238,2461970.644,1.432132979,131557,133620.2,0,38.40682788,258.9,197,8,59.84,64.98,0,10,497,5.875,289,542218,2080,13.2,1100,18.9,0.50339459,9,320,0,0,1668,30,131,14,44,478,289,125,40,161,1,0,4,7,59,108,51.38712788,3779.625,69,97,491,1290,2660,810,170,220,760,600,1930
Kennedy Park,2583,1824,261,729,293600,82,9000,62,6,354,3.6,17050,8190,8875,975,925,1030,1140,1070,1095,1070,645,1140,1325,1530,1370,1220,900,540,475,365,255,16255,1145,955,265,315,75,1305,225,25,200,35,2940,2200,4405,2300,200,826781.0705,0.119007268,36,36,0,48.33702882,256.9,1295,17,56.89,59.03,1,14,1661,5.6875,540,293600,3900,22.9,1810,27.6,0.725584944,10,5115,329,1156,3389,48,225,20,78,805,461,105,97,280,0,0,8,23,59,117,30.81869749,2876.75,73,155,532,2450,4810,1380,210,480,1100,1250,2830
Ionview,1675,1003,148,712,330109,45,70000,70,4,285,2,13095,6205,6885,795,710,680,770,930,975,950,500,890,1010,1130,1010,830,685,420,330,265,175,12475,800,1075,170,140,45,1100,165,15,65,20,2190,1705,3195,1680,129,409684.0972,0.13033001,0,0,0,52.56769374,232.9,420,15,55.62,60.39,1,12,332,1.714285714,393,330109,5795,44.3,2550,50.2,0.707344308,0,16,0,325,660,17,81,17,32,402,173,45,27,84,0,1,0,11,14,32,16.898618,2664,22,111,270,1690,3350,980,180,340,850,900,2120
Dorset Park,2803,12722,969,727,279189,52,0,68,5,558,6,24360,11520,12840,1690,1460,1340,1505,1500,1700,1740,820,1790,1755,2000,1935,1525,1190,655,655,540,555,22755,2410,2955,290,205,70,1310,870,35,430,50,4490,2995,5960,3245,232,631875.4617,0.173972028,496649,858229.8,306.96,57.77088182,196,1188,31,58.71,59.91,10,13,510,1.875,515,279189,7130,29.3,2785,32.6,0.798829603,7,3458,667,671,2675,39,179,20,88,708,419,110,131,230,2,0,7,30,56,251,39.00312698,3959,93,348,2656,3010,6590,1990,390,530,1330,1390,3370
Bendale,2729,17680,853,738,329355,200,7500,64,6,968,7.4,27870,13455,14405,1525,1460,1425,1655,2085,2030,1840,1135,1905,1920,2080,1915,1645,1505,1085,1070,850,710,26175,3585,1750,335,300,110,1445,970,45,425,175,4420,3735,8015,4855,372,1772970.419,0.981964797,55313,127150.2,0,57.58287653,204.7,1645,84,59.19,62.08,14,19,508,3.8,701,329355,3630,13,1210,12,0.768222994,7,3120,884,677,2373,51,232,25,93,960,546,129,174,264,1,0,10,70,65,258,62.86449729,4499.117647,118,851,6990,3170,6870,1960,440,470,1310,1270,3320
Agincourt South-Malvern West,1542,18329,1378,756,332710,135,8900,66,12,533,7.9,21990,10630,11350,1080,930,1150,1480,1630,1500,1275,905,1360,1605,1950,1770,1500,1325,850,705,565,410,21155,9370,1035,130,415,60,500,395,25,170,70,3165,3095,6255,3435,470,1400164.909,0.2397495,236731,421649.45,2592.39,42.1021553,156.1,350,75,61.83,62.68,21,12,172,2.25,385,332710,2785,12.7,1020,14.8,0.839875918,0,10486,0,1387,4462,20,141,24,110,558,380,66,125,233,2,0,5,36,44,160,55.9797809,3773.071429,125,281,3851,3110,6400,1440,530,370,1030,930,2590
Agincourt North,1930,7449,353,765,375307,130,0,66,4,467,7.3,30280,14445,15845,1320,1345,1560,2000,2165,2145,1685,1430,1715,2125,2655,2360,2105,2000,1245,1025,745,650,28950,14710,2845,145,150,70,780,350,20,140,55,4235,4150,9225,5120,775,1254144.346,0.250098151,16092,82592.3,607.86,42.26002941,138.7,500,20,65.87,64.22,9,6,77,0,531,375307,1905,6.3,540,5.9,0.829436197,0,4233,0,229,2958,20,74,6,105,413,296,60,89,130,0,0,4,33,54,288,57.45648472,3584.058824,94,129,1465,3980,8250,1840,810,490,1370,1230,3310
Milliken,1921,16901,2090,770,387879,220,2000,65,1,337,9.4,27160,13055,14115,1265,1200,1330,1715,2020,2055,1500,1145,1700,1820,2205,2130,2065,1855,960,850,695,700,26090,16265,1515,75,45,20,675,235,0,60,30,3800,3710,8255,4325,815,1043903.036,0.512021903,222837,3546500.6,8791.76,42.19229861,120,0,137,67.02,64.82,74,1,247,6.666666667,404,387879,825,3,310,4,0.807339661,0,3292,499,1199,2381,5,79,3,124,425,325,43,89,183,2,0,15,67,32,426,67.435866,3917.571429,160,487,4296,3960,8330,1800,770,440,1180,1070,2920
Rouge,2994,14207,877,738,426850,210,0,42,2,805,37.6,45905,22275,23635,2670,2705,3150,3465,3475,3265,2865,1795,2810,3170,3705,3670,3355,2790,1155,800,570,535,43685,1455,7140,300,255,125,2365,1230,35,410,90,8530,6925,10970,4825,725,1.29E+07,14.27145522,56778,93419.88,171.26,48.04214723,215.7,0,25,64.72,66.77,15,23,522,0.090909091,411,426850,1165,2.5,590,4.5,0.644308811,0,1649,334,438,1969,33,170,30,134,838,534,179,220,296,2,0,14,91,62,770,115.7449367,4300.913043,199,263,3356,3760,7770,2210,720,620,2120,1640,5480
Malvern,5078,11173,625,724,256488,81,101775,61,0,498,8.9,45085,21560,23530,2925,3045,3250,3475,3485,3385,2930,1765,3005,3100,3540,3095,2750,2535,1160,825,490,315,42915,2885,6240,445,105,100,2305,2350,15,325,70,9220,6960,9825,4545,549,1249250.532,0.690798137,66889,79469,399.64,51.56400717,205.9,2512,84,60.42,62.57,13,32,927,1.166666667,851,256488,3175,7,1060,7.9,0.708640776,9,8334,1360,2086,8044,81,319,37,118,979,729,161,174,283,2,2,3,51,118,334,74.91197001,3766.772727,180,232,1745,5170,11490,3710,720,970,2700,2740,7210
Centennial Scarborough,399,951,126,774,491024,80,0,54,2,611,5.4,13100,6355,6740,625,680,840,975,940,650,585,760,730,910,1125,1155,1010,940,560,305,170,120,12745,405,265,85,250,80,360,175,40,95,35,2145,1915,3875,1930,252,1802189.828,0.830824845,311,311,0,36.41364136,150.8,0,5,69.54,70.78,0,1,139,0,65,491024,0,0,0,0,0.47340375,0,3991,65,496,2607,2,50,4,27,243,107,52,43,52,1,0,2,13,9,115,45.86598925,2994.571429,44,44,331,690,1330,340,120,110,510,290,1290
Highland Creek,724,1798,91,751,529278,110,0,54,1,433,5.1,13100,6435,6660,445,585,710,930,1130,1020,710,740,585,715,1015,1085,1125,1050,490,345,180,245,12505,685,1060,70,305,85,465,215,15,80,70,1745,2055,4155,1985,364,1444565.206,0.194054785,10030,25829.6,0,32.01219512,170.1,0,8,68.28,64.19,1,2,3,0,96,529278,0,0,0,0,0.637194462,0,0,230,0,376,11,70,9,80,290,207,48,91,99,0,0,1,17,19,100,37.845626,3516.833333,70,50,540,1110,2120,500,140,140,480,370,1230
Morningside,2534,3566,108,711,289646,28,22000,53,8,460,5.6,17585,8445,9140,1080,995,1045,1375,1460,1250,1035,670,990,1160,1345,1355,1175,1000,600,470,335,260,16515,585,1715,185,80,40,1075,610,15,215,70,3130,2845,4475,2310,235,2317635.582,1.854249005,0,0,0,53.64758698,246.4,2125,32,59.36,61.65,5,13,460,3.333333333,419,289646,3570,20.3,1465,25,0.655450155,5,788,388,234,2750,24,161,27,47,457,330,99,61,216,4,0,1,19,51,88,32.28313942,4873.142857,35,118,1467,2140,4580,1490,200,450,1060,1260,2820
West Hill,4974,4500,424,706,308229,153,55370,66,8,765,9.6,26550,12560,14000,1575,1550,1820,2055,1870,1600,1460,1105,1525,1935,2145,2090,1800,1515,900,670,485,445,25380,575,810,435,330,90,985,425,65,445,60,4950,3930,6925,3615,338,3403338.25,1.993607468,371626,5.41E+07,104759.13,48.36601307,248.9,1725,33,58,61.5,1,22,2089,8.4,725,308229,5880,22.1,3010,31.1,0.556880414,21,5377,72,434,3907,87,387,52,102,1145,749,142,78,338,3,1,3,46,71,166,61.14700126,3824.181818,80,209,1441,3710,7640,2590,300,930,2100,2640,5630
Woburn,6747,16190,1073,723,316584,214,144255,66,22,1429,12.2,53350,26005,27330,3485,3415,3400,3575,4005,3825,3835,1950,3805,3830,3945,3580,2905,2355,1800,1690,1185,820,50890,3560,4665,615,430,180,2075,1740,70,1070,125,10295,7585,12655,7425,600,2746208.229,1.354011781,2357,17463.8,0,55.62849502,187.8,5690,93,56.83,60.67,6,26,2660,4.911764706,1306,316584,14870,27.9,5090,27.8,0.770734357,22,10365,678,1137,5106,77,412,29,128,1469,808,223,219,504,2,3,7,45,107,438,102.835355,4656.6,139,507,5041,6860,15430,4770,800,1170,2860,3190,7370
Eglinton East,4171,2351,296,705,274020,143,5800,62,5,396,3.2,22830,10580,12240,1555,1500,1500,1545,1535,1450,1485,850,1515,1675,1745,1635,1395,1130,740,615,535,420,21580,915,2740,325,255,90,1540,340,30,305,55,4535,3080,5695,3150,209,656321.1838,0.233048669,4410,901516.8,27469.6,53.68682684,214.7,1005,19,56.7,59.1,8,33,865,2.588235294,688,274020,10105,44.3,3935,48.8,0.715061035,4,64,245,0,892,48,239,17,88,720,492,111,76,223,0,1,10,23,66,122,29.46464034,3086,61,180,986,2930,6290,2110,280,680,1710,1840,4460
Scarborough Village,4133,1851,228,699,356096,217,3200,70,6,410,3.1,16615,7825,8790,1200,1140,1150,1240,1220,1035,1040,525,1045,1205,1280,1155,1080,795,430,360,335,360,15860,330,1625,250,160,50,505,865,40,525,35,3485,2445,3885,2000,115,1127497.011,0.28632843,0,0,0,55.69514238,239.2,2157,24,54.67,59.76,4,22,922,4.4,683,356096,7860,47.3,2905,49.2,0.697737056,10,3099,203,1012,2101,31,226,31,93,652,474,94,35,180,1,1,3,27,62,65,23.14334537,2111.6,29,110,714,2400,5500,1980,160,550,1120,1530,3020
Guildwood,309,924,67,774,444309,171,11500,59,14,903,3.8,9815,4550,5270,370,440,485,565,510,395,395,560,515,650,710,855,780,650,500,570,470,420,9495,185,75,95,110,40,165,25,50,70,30,1285,1075,3920,2490,179,1681205.082,0.697039334,0,0,0,31.79723502,188.6,150,7,64.99,71.48,0,3,0,0,62,444309,1020,10.4,605,15.3,0.414015747,0,1483,0,0,1801,9,44,7,32,284,113,48,24,48,0,0,2,5,14,56,31.41879421,2114.875,29,23,364,440,790,170,80,50,460,160,1090
